{"cameraMode":{"drawMode":0,"name":"Shaded","section":"Shading Mode"},"sceneLighting":false,"audioPlay":false,"sceneViewState":{"m_AlwaysRefresh":false,"showFog":true,"showSkybox":false,"showFlares":true,"showImageEffects":true,"showParticleSystems":true,"showVisualEffectGraphs":true,"m_FxEnabled":true},"in2DMode":false,"pivot":{"x":-1.9355387687683106,"y":0.009600639343261719,"z":-16.685558319091798},"rotation":{"x":-0.0009593643480911851,"y":0.9957687258720398,"z":-0.09136832505464554,"w":-0.010455767624080181},"size":10.029309272766114,"orthographic":false}