{"cameraMode":{"drawMode":0,"name":"Shaded","section":"Shading Mode"},"sceneLighting":false,"audioPlay":false,"sceneViewState":{"m_AlwaysRefresh":false,"showFog":true,"showSkybox":false,"showFlares":true,"showImageEffects":true,"showParticleSystems":true,"showVisualEffectGraphs":true,"m_FxEnabled":true},"in2DMode":false,"pivot":{"x":0.06000000238418579,"y":1.6552374362945557,"z":-23.630207061767579},"rotation":{"x":-0.23421892523765565,"y":-0.08386934548616409,"z":0.020418725907802583,"w":-0.9684259295463562},"size":0.36636003851890566,"orthographic":false}